,mean_imp_knn,mean_imp_lr,mean_imp_rf,gb
0,4.070059776306152,6.501520156860352,51.78814101219177,206.739196062088
1,3.004152774810791,6.756899118423462,40.9207763671875,219.80347323417664
2,2.828731060028076,7.897715091705322,51.4646360874176,232.92019724845886
3,2.9222371578216553,8.694768905639648,47.473830223083496,222.89452004432678
4,2.861510992050171,9.66715407371521,49.0547559261322,245.3972249031067
