,mean_imp_knn,mean_imp_lr,mean_imp_rf,gb
0,0.08801722526550293,0.004436969757080078,0.12250089645385742,0.14605283737182617
1,0.023900270462036133,0.0027010440826416016,0.06124281883239746,0.23251676559448242
2,0.041629791259765625,0.0032029151916503906,0.11000895500183105,0.15620875358581543
3,0.08859801292419434,0.003542184829711914,0.1197969913482666,0.16376304626464844
4,0.030328035354614258,0.0038208961486816406,0.1090550422668457,0.15683889389038086
