,knn_imp_knn,knn_imp_lr,knn_imp_rf,br_imp_knn,br_imp_lr,br_imp_rf,mean_imp_knn,mean_imp_lr,mean_imp_rf,rf_imp_knn,rf_imp_lr,rf_imp_rf,gb
0,338.6014518737793,369.05637407302856,450.56208658218384,62.928014516830444,120.02623009681702,154.87802839279175,8.676186800003052,62.306252002716064,47.83439826965332,27086.352487802505,20972.39387488365,23307.35854101181,442.7006950378418
1,341.42768716812134,352.2703022956848,454.1733229160309,56.2972993850708,122.65863704681396,153.61329531669617,8.723164558410645,60.017027378082275,55.779940366744995,26062.389531373978,21306.258044481277,23760.30504965782,409.91113352775574
2,321.59105467796326,371.31142807006836,436.3843996524811,61.14298224449158,123.07539701461792,185.76009678840637,8.902029275894165,68.84766364097595,47.51274657249451,27026.946046829224,22449.124046325684,25058.005605697632,415.9957959651947
3,329.7321951389313,370.3282151222229,418.0976755619049,67.75446724891663,116.91020679473877,176.72047567367554,9.025501489639282,70.8417444229126,46.88235807418823,27208.914377450943,22352.569806098938,25721.73750114441,425.1102731227875
4,333.8284296989441,392.8891637325287,451.16870379447937,58.966334104537964,116.13427233695984,147.81994438171387,8.53306245803833,71.55964589118958,43.13405179977417,25611.554047584534,21708.443604707718,24396.514176368713,418.16251945495605
