,knn_imp_knn,knn_imp_lr,knn_imp_rf,br_imp_knn,br_imp_lr,br_imp_rf,mean_imp_knn,mean_imp_lr,mean_imp_rf,rf_imp_knn,rf_imp_lr,rf_imp_rf,gb
0,14.591442346572876,15.165286779403687,14.628987789154053,0.5345480442047119,0.18715882301330566,0.3224799633026123,0.2969062328338623,0.009109735488891602,0.13431096076965332,13.05932903289795,10.988195180892944,10.97534704208374,0.40043115615844727
1,11.09944200515747,11.08318829536438,10.566865921020508,0.540952205657959,0.19780683517456055,0.324540376663208,0.30852174758911133,0.008862495422363281,0.24914145469665527,10.666037559509277,10.742235660552979,11.12570571899414,0.3629109859466553
2,10.074523210525513,10.738324642181396,10.687487840652466,0.474276065826416,0.1845240592956543,0.41799068450927734,0.3935251235961914,0.008451223373413086,0.11689233779907227,11.612772226333618,10.637990236282349,10.860199451446533,0.5195317268371582
3,8.654013395309448,10.097579002380371,8.998074054718018,0.45639657974243164,0.18095660209655762,0.334383487701416,0.2504751682281494,0.00860738754272461,0.06076359748840332,11.191541910171509,10.42204213142395,10.6430983543396,0.3376481533050537
4,15.650182247161865,14.837141752243042,16.057557106018066,0.5095107555389404,0.21805143356323242,0.39019131660461426,0.2924041748046875,0.02472090721130371,0.06574702262878418,11.964755058288574,10.763773202896118,10.698553323745728,0.5588388442993164
